{"cameraMode":{"drawMode":0,"name":"Shaded","section":"Shading Mode"},"sceneLighting":false,"audioPlay":false,"sceneViewState":{"m_AlwaysRefresh":false,"showFog":true,"showSkybox":false,"showFlares":true,"showImageEffects":true,"showParticleSystems":true,"showVisualEffectGraphs":true,"m_FxEnabled":true},"in2DMode":false,"pivot":{"x":27.702133178710939,"y":33.86311340332031,"z":23.744964599609376},"rotation":{"x":-0.10721319168806076,"y":0.12699657678604127,"z":-0.013810007832944394,"w":-0.9859983921051025},"size":89.9604721069336,"orthographic":false}