{"cameraMode":{"drawMode":0,"name":"Shaded","section":"Shading Mode"},"sceneLighting":false,"audioPlay":false,"sceneViewState":{"m_AlwaysRefresh":false,"showFog":true,"showSkybox":false,"showFlares":true,"showImageEffects":true,"showParticleSystems":true,"showVisualEffectGraphs":true,"m_FxEnabled":true},"in2DMode":false,"pivot":{"x":-0.11750340461730957,"y":0.2828538417816162,"z":0.8021833896636963},"rotation":{"x":0.16384679079055787,"y":-0.8351001739501953,"z":0.3476731777191162,"w":0.3935549557209015},"size":2.1851344108581545,"orthographic":false}