{"cameraMode":{"drawMode":0,"name":"Shaded","section":"Shading Mode"},"sceneLighting":false,"audioPlay":false,"sceneViewState":{"m_AlwaysRefresh":false,"showFog":true,"showSkybox":false,"showFlares":true,"showImageEffects":true,"showParticleSystems":true,"showVisualEffectGraphs":true,"m_FxEnabled":true},"in2DMode":false,"pivot":{"x":0.5360606908798218,"y":2.49759578704834,"z":-0.18526612222194673},"rotation":{"x":-0.0011418830836191774,"y":-0.9775581955909729,"z":0.21068398654460908,"w":-0.005270299501717091},"size":1.4003615379333497,"orthographic":false}