{"cameraMode":{"drawMode":0,"name":"Shaded","section":"Shading Mode"},"sceneLighting":false,"audioPlay":false,"sceneViewState":{"m_AlwaysRefresh":false,"showFog":true,"showSkybox":false,"showFlares":true,"showImageEffects":true,"showParticleSystems":true,"showVisualEffectGraphs":true,"m_FxEnabled":true},"in2DMode":false,"pivot":{"x":-2.2144107818603517,"y":-4.618612289428711,"z":1.3627747297286988},"rotation":{"x":0.12440835684537888,"y":-0.6801052689552307,"z":0.11870278418064118,"w":0.7126877903938294},"size":11.531912803649903,"orthographic":false}